Company Name,Official Domain
A&T peregrine transportation llc,ERROR
A&V Cargo Inc,ERROR
AIV LLC,ERROR
ASAP Trans Corp,ERROR
Airgas Inc,ERROR
B.A.H. Express,ERROR
BMT,ERROR
"BOURNE TRANSPORT, LLC",ERROR
Baggett Transportation Company,ERROR
Balkan Enterprise LLC,ERROR
Barrett Trucking LLC,ERROR
Bay & Bay Transportation,ERROR
"Birchwood Transport, Inc",ERROR
Brent Redmond Transportation,ERROR
C.A.B. LOGISTICS LLC,ERROR
CCN INDEPENDENT LIVING INC,ERROR
CLE Transportation Company,ERROR
Cargo Transporters,ERROR
Climate Express Inc,ERROR
"Core Carrier, Corp",ERROR
Crete Carrier Corporation,ERROR
D Lewis Transport LLC,ERROR
"Dahl Trucking, LLC",ERROR
Dav Logistics Inc,ERROR
Dave's Trucking,ERROR
Deep South Freight,ERROR
Dismuke Transport,ERROR
Double Down Trucking,ERROR
Fleet Care Group,ERROR
Future of unique revolution LLC,ERROR
Grammer Logistics,ERROR
Green Transportation,ERROR
H & H Trucking,ERROR
HUDHUD LLC,ERROR
Hedricks Hauling,ERROR
Highland Logistics,ERROR
Hribar Logistics,ERROR
Hunt Transportation,ERROR
Icrom Logistics Inc,ERROR
"Icrom Logistics, INC",ERROR
"J and J Nationwide Trucking, LLC",ERROR
JoJon Global LLC,ERROR
Justman Freight Lines,ERROR
"K&B Transportation, Inc",ERROR
Kalap Freight Inc,ERROR
Koch Trucking,ERROR
"Kreilkamp Trucking, Inc.",ERROR
LIMON COMPANY LLC,ERROR
LOAD FOR LESS TRANSPORTATION LLC,ERROR
Leader Freight Systems,ERROR
Leksa Logistics LLC,ERROR
Lion of Judah Trans Inc,ERROR
Little Diggers Construction,ERROR
Load Prime Logistics LLC,ERROR
LongRun Services,ERROR
"M & M Asphalt Maintenance, Inc.",ERROR
MC Carrier LLC,ERROR
MG EXPRESS SERVICES LLC,ERROR
Makew Transportation,ERROR
"Melton Truck Lines, Inc",ERROR
Mesilla Valley Transportation,ERROR
"Nussbaum Transportation Services, Inc",ERROR
Odalex Logistics LLC,ERROR
Overlog Inc,ERROR
P&S Transportation,ERROR
Pink Foxx Logistix,ERROR
"Prime Logistics, LLC",ERROR
Redbone Trucking,ERROR
Rig On Wheels,ERROR
Rig On wheels,ERROR
Rig on Wheels,ERROR
Rig on wheels,ERROR
Rite Move Logistics & Recruiting,ERROR
Riverside Transport Inc,ERROR
S&B Driver’s Solutions,ERROR
SEMREH LLC,ERROR
SFE Trucking,ERROR
SOLID DISTRIBUTIONS LLC,ERROR
"Schwend, Inc",ERROR
Shaffer Trucking,ERROR
Simmons El Logistics LLC,ERROR
Sirva,ERROR
Specialized Transport Solutions,ERROR
StaffWorthy Incorporated,ERROR
"Summitt Trucking, LLC",ERROR
Sunshine Fleet LLC,ERROR
Superior Specialized Carriers,ERROR
"Surface Preparation Technologies, LLC",ERROR
T&E Services Inc,ERROR
Texas Airway Logistics,ERROR
Trans System,ERROR
Transco Lines,ERROR
Transforce,ERROR
Turner Trucking Company,ERROR
USA CDL Recruiting,ERROR
Upshift Logistics Inc.,ERROR
Western Express,ERROR
"Wooster Motor Ways, Inc",ERROR
WorldWide Construction LLC,ERROR
harvest bay investiments,ERROR
