URL,Title
https://amazon-na.fountain.com/delivery-service-partner/apply/dau1-ppac-human-resource-specialist,DAU1 - PPAC - Human Resource Specialist
https://amazon-na.fountain.com/delivery-service-partner/apply/dbm3-jjgl-21-25-seasonal-delivery-driver,DBM3 - JJGL - $21.25 Seasonal Delivery Driver
https://amazon-na.fountain.com/delivery-service-partner/apply/dbm5-birmingham-delivery-driver,DBM5 - Birmingham - Delivery Driver
https://amazon-na.fountain.com/delivery-service-partner/apply/dbu9-best-logistics-transport-delivery-driver,DBU9 Best Logistics & Transport Delivery Driver
https://amazon-na.fountain.com/delivery-service-partner/apply/dcd6-delivery-driver-sw16-logistics-llc-charlotte,"DCD6 - Delivery Driver - SW16 Logistics, LLC  - CHARLOTTE"
https://amazon-na.fountain.com/delivery-service-partner/apply/dcy9-rech-delivery-driver-helper,DCY9 - RECH - Delivery Driver Helper
https://amazon-na.fountain.com/delivery-service-partner/apply/dcy9-tfsv-template-dsp-helper,DCY9 - TFSV -  Helper
https://amazon-na.fountain.com/delivery-service-partner/apply/ddc4-delivery-associate-on-time-delivery-services,DDC4 - Delivery Associate - On-Time Delivery Services
https://amazon-na.fountain.com/delivery-service-partner/apply/ddm5-delivery-associate-pure-logistics-usa,DDM5  - Delivery Associate - Pure Logistics USA
https://amazon-na.fountain.com/delivery-service-partner/apply/ddt4-exlg-delivery-associate,DDT4 - EXLG - Delivery Associate
https://amazon-na.fountain.com/delivery-service-partner/apply/ddt6-delivery-associate-dreams-logistics-llc,DDT6 - Delivery Associate - Dreams Logistics LLC
https://amazon-na.fountain.com/delivery-service-partner/apply/delivery-associate-north-star-logistics-and-delivery,DDX7 - Delivery Driver - North Star Logistics and Delivery
https://amazon-na.fountain.com/delivery-service-partner/apply/delivery-associate-endeavor-logistics-solutions-llc,DELIVER DRIVER (AMAZON PACKAGES) 945AM START
https://amazon-na.fountain.com/delivery-service-partner/apply/delivery-associate-blue-ridge-delivery-llc,Delivery Associate
https://amazon-na.fountain.com/delivery-service-partner/apply/dat6-gcal-amazon-delivery-associate,Delivery Associate
https://amazon-na.fountain.com/delivery-service-partner/apply/delivery-associate-accuswift-logistics-llc,Delivery Associate
https://amazon-na.fountain.com/delivery-service-partner/apply/delivery-associate-elite-delivery-team-llc,Delivery Associate
https://amazon-na.fountain.com/delivery-service-partner/apply/delivery-associate-lewisville-texas,Delivery Associate
https://amazon-na.fountain.com/delivery-service-partner/apply/delivery-associate-x-speed-logistics,Delivery Associate
https://amazon-na.fountain.com/delivery-service-partner/apply/delivery-associate-reach-logistics-llc,Delivery Associate
https://amazon-na.fountain.com/delivery-service-partner/apply/delivery-associate-puget-sound-logistics-deliveries,Delivery Associate -$24.25-28.00/hour  ***Canyon Road Station***
https://amazon-na.fountain.com/delivery-service-partner/apply/2024-seasonal-delivery-associate-24-seven-express-inc,Delivery Associate - 24 Seven Express Inc
https://amazon-na.fountain.com/delivery-service-partner/apply/delivery-associate-4ab8d2cb-5014-448a-b8cb-06513ab1cd71,Delivery Associate - 99 Logistics
https://amazon-na.fountain.com/delivery-service-partner/apply/delivery-associate-advance-shipping-llc,Delivery Associate - Advance Shipping LLC
https://amazon-na.fountain.com/delivery-service-partner/apply/delivery-driver-f1a0399b-5279-445f-9ed1-d4ea8f71f8a7,Delivery Associate - AELL
https://amazon-na.fountain.com/delivery-service-partner/apply/alpg,Delivery Associate - ALPHA Logistics & Transportation Inc.
https://amazon-na.fountain.com/delivery-service-partner/apply/delivery-associate-alpha-zulu-logistics-llc-dtu6-zult,"Delivery Associate - Alpha Zulu Transportation, LLC - $22.25 Starting Pay"
https://amazon-na.fountain.com/delivery-service-partner/apply/delivery-associate-a-maze-ing-delivery-llc,Delivery Associate - A-MAZE-ING Delivery LLC
https://amazon-na.fountain.com/delivery-service-partner/apply/delivery-associate-beyond-logistics-levittown-pa,"Delivery Associate - Beyond Logistics - Levittown, PA"
https://amazon-na.fountain.com/delivery-service-partner/apply/delivery-associate-big-dog-delivery-llc,Delivery Associate - Big Dog Delivery LLC
https://amazon-na.fountain.com/delivery-service-partner/apply/delivery-assistant-blue-box-logistics-fredericksburg-va,"Delivery Associate - Blue Box Logistics - Fredericksburg, VA"
https://amazon-na.fountain.com/delivery-service-partner/apply/delivery-associate-bostwick-logistics-llc,"Delivery Associate - Bostwick Logistics, LLC"
https://amazon-na.fountain.com/delivery-service-partner/apply/delivery-associate-burst-logistics,Delivery Associate - Burst Logistics
https://amazon-na.fountain.com/delivery-service-partner/apply/delivery-associate-chivalry-logistics-llc-houston-tx,"Delivery Associate- Chivalry Logistics LLC- Houston, TX"
https://amazon-na.fountain.com/delivery-service-partner/apply/delivery-associate-cmj-transport-llc-concord-nc,"Delivery Associate - CMJ transport, LLC- Concord, NC"
https://amazon-na.fountain.com/delivery-service-partner/apply/delivery-associate-cre-delivery-inc,"Delivery Associate - CRE Delivery, Inc"
https://amazon-na.fountain.com/delivery-service-partner/apply/ddf2-amazon-balch-springs-delivery-associate-csb-logistics-dda8,Delivery Associate - CSB Logistics DDF2
https://amazon-na.fountain.com/delivery-service-partner/apply/delivery-associate-customer-first-logistics-llc,Delivery Associate - Customer First Logistics LLC
https://amazon-na.fountain.com/delivery-service-partner/apply/delivery-associate-cypri-logistics-llc,Delivery Associate - Cypri Logistics LLC
https://amazon-na.fountain.com/delivery-service-partner/apply/delivery-associate-monument-logistics-llc,"Delivery Associate - DAS7 - Salem, MA"
https://amazon-na.fountain.com/delivery-service-partner/apply/delivery-associate-falls-delivery-llc,Delivery Associate: Deliver Amazon packages in and around Sioux Falls
https://amazon-na.fountain.com/delivery-service-partner/apply/delivery-associate-denver-last-mile-logistics-llc,"Delivery Associate - Denver Last Mile Logistics, LLC"
https://amazon-na.fountain.com/delivery-service-partner/apply/delivery-associate-blue-cardinal-inc,Delivery Associate- DGT8
https://amazon-na.fountain.com/delivery-service-partner/apply/dnh2-hooksett-delivery-associate-dnh2-hooksett-nh,"Delivery Associate - DNH2 - Hooksett, NH"
https://amazon-na.fountain.com/delivery-service-partner/apply/delivery-associate-dw-enterprises-llc,Delivery Associate - DW Enterprises LLC
https://amazon-na.fountain.com/delivery-service-partner/apply/delivery-associate-earthling-deliveries-ddx7-edlv,Delivery Associate - Earthling Deliveries! @ DDX7
https://amazon-na.fountain.com/delivery-service-partner/apply/delivery-associate-enterprise-logistics-llc,"Delivery Associate - Enterprise Logistics, LLC"
https://amazon-na.fountain.com/delivery-service-partner/apply/delivery-associate-epic-lightning-fast-service,Delivery Associate - Epic Lightning Fast Service
https://amazon-na.fountain.com/delivery-service-partner/apply/delivery-associate-excelerated-delivery-inc,Delivery Associate - Excelerated Delivery Inc.
https://amazon-na.fountain.com/delivery-service-partner/apply/fedex-menominee-falls-delivery-associate-excelerated-logistics,Delivery Associate - Excelerated Logistics
https://amazon-na.fountain.com/delivery-service-partner/apply/delivery-associate-force-10-logistics,Delivery Associate - Force 10 Logistics
https://amazon-na.fountain.com/delivery-service-partner/apply/delivery-associate-for-medium-and-small-amazon-packages,Delivery Associate for medium and small Amazon packages=$16.50+
https://amazon-na.fountain.com/delivery-service-partner/apply/delivery-associate-gaines-logistics-llc,Delivery Associate - Gaines Logistics LLC
https://amazon-na.fountain.com/delivery-service-partner/apply/delivery-associate-got-your-six-delivery-services,Delivery Associate - Got Your Six Delivery Services
https://amazon-na.fountain.com/delivery-service-partner/apply/delivery-associate-ict-express-llc,Delivery Associate - ICT Express LLC
https://amazon-na.fountain.com/delivery-service-partner/apply/delivery-associate-ip-focus-logistics-and-services-llc,"Delivery Associate - IP Focus Logistics and Services, LLC"
https://amazon-na.fountain.com/delivery-service-partner/apply/delivery-associate-ironside-logistics-llc,Delivery Associate - Ironside Logistics LLC
https://amazon-na.fountain.com/delivery-service-partner/apply/delivery-associate-jbx-express-logistics,Delivery Associate - JBX Express Logistics
https://amazon-na.fountain.com/delivery-service-partner/apply/delivery-associate-jg3-logistics-llc,Delivery Associate - JG3 Logistics LLC
https://amazon-na.fountain.com/delivery-service-partner/apply/delivery-associate-jstl,Delivery Associate - JSTL
https://amazon-na.fountain.com/delivery-service-partner/apply/delivery-associate-jw-warehouse-logistics-llc,Delivery Associate - JW Warehouse logistics LLC
https://amazon-na.fountain.com/delivery-service-partner/apply/delivery-associate-knight-delivery,Delivery Associate - Knight Delivery
https://amazon-na.fountain.com/delivery-service-partner/apply/delivery-associate-kynect-express-llc-fredericksburg-va,"Delivery Associate- Kynect Express, LLC- Fredericksburg, VA"
https://amazon-na.fountain.com/delivery-service-partner/apply/delivery-associate-parkops-holdings-llc-d-b-a-lastmile-ops,Delivery Associate - LastMile Ops
https://amazon-na.fountain.com/delivery-service-partner/apply/delivery-associate-legacy-couriers-inc-4fb5e82e-dea6-4a62-937c-3b509a92a548,"Delivery Associate - Legacy Couriers - Houston, TX"
https://amazon-na.fountain.com/delivery-service-partner/apply/delivery-associate-logistically-sound-llc,"Delivery Associate - Logistically Straight, LLC"
https://amazon-na.fountain.com/delivery-service-partner/apply/delivery-associate-make-a-way-logistics-llc,Delivery Associate - Make-A-Way Logistics
https://amazon-na.fountain.com/delivery-service-partner/apply/delivery-associate-motogistics-logistics,Delivery Associate - Motogistics Logistics
https://amazon-na.fountain.com/delivery-service-partner/apply/delivery-associate-mr-delivery-inc,Delivery Associate - MR Delivery Inc.
https://amazon-na.fountain.com/delivery-service-partner/apply/delivery-associate-seasonal-shadowfax-logistics,"Delivery Associate, Mt. Joy - Shadowfax Logistics"
https://amazon-na.fountain.com/delivery-service-partner/apply/delivery-associate-on-the-spot-transportation-elk-grove-ca,"Delivery Associate- On The Spot Transportation- Elk Grove, CA"
https://amazon-na.fountain.com/delivery-service-partner/apply/delivery-associate-on-time-delivery-services,Delivery Associate - On-Time Delivery Services
https://amazon-na.fountain.com/delivery-service-partner/apply/delivery-associate-p3-elite-logistics-llc,Delivery Associate - P3 Elite Logistics LLC
https://amazon-na.fountain.com/delivery-service-partner/apply/delivery-associate-papacito-llc,Delivery Associate - Papacito LLC
https://amazon-na.fountain.com/delivery-service-partner/apply/delivery-associate-paradise-logistics-corp-6d45852d-899a-4836-9709-a3e89afac547,Delivery Associate - Paradise Logistics Corp.
https://amazon-na.fountain.com/delivery-service-partner/apply/delivery-associate-pick-n-roll-houston-tx,"Delivery Associate - Pick-N-Roll, Houston, TX"
https://amazon-na.fountain.com/delivery-service-partner/apply/delivery-associate-prime-pace-logistics-llc,Delivery Associate - Prime Pace Logistics LLC- Amazon DSP-$22.25+
https://amazon-na.fountain.com/delivery-service-partner/apply/delivery-associate-primetime-logistics,Delivery Associate - PRTM Logistics
https://amazon-na.fountain.com/delivery-service-partner/apply/delivery-associate-rainier-express-delivery-llc,Delivery Associate - Rainier Express Delivery LLC
https://amazon-na.fountain.com/delivery-service-partner/apply/delivery-associate-regional-express-inc-dcl9,Delivery Associate - Regional Express Inc. - DCL9
https://amazon-na.fountain.com/delivery-service-partner/apply/delivery-associate-reliant-logistics-llc-mount-joy-pa,"Delivery Associate - Reliant Logistics LLC - Harrisburg, PA"
https://amazon-na.fountain.com/delivery-service-partner/apply/delivery-associate-ridik-logistics,Delivery Associate - Ridik Logistics (Amazon Packages)
https://amazon-na.fountain.com/delivery-service-partner/apply/dpl2-budz-delivery-associate-ridik-logistics-harrisburg-pa,"Delivery Associate - Ridik Logistics - Harrisburg, PA"
https://amazon-na.fountain.com/delivery-service-partner/apply/delivery-associate-scudetto-logistics-llc,Delivery Associate - Scudetto Logistics LLC
https://amazon-na.fountain.com/delivery-service-partner/apply/delivery-associate-seven-arrows-logistics-llc,Delivery Associate - Seven Arrows Logistics LLC
https://amazon-na.fountain.com/delivery-service-partner/apply/delivery-associate-zaza-logistics,Delivery Associate - Sewickley
https://amazon-na.fountain.com/delivery-service-partner/apply/delivery-associate-sheena-logistics-llc,Delivery Associate - Sheena Logistics LLC
https://amazon-na.fountain.com/delivery-service-partner/apply/delivery-associate-shipmates-llc,Delivery Associate - Shipmates LLC
https://amazon-na.fountain.com/delivery-service-partner/apply/delivery-associate-sinaro-logistics-llc-forest-park-georgia,"Delivery Associate - Sinaro Logistics LLC - Forest Park, Georgia"
https://amazon-na.fountain.com/delivery-service-partner/apply/delivery-associates-sr,Delivery Associates - SR
https://amazon-na.fountain.com/delivery-service-partner/apply/delivery-associate-strategic-logistics-group-llc-fairburn-ga,"Delivery Associate- Strategic Logistics Group, LLC - Fairburn, GA"
https://amazon-na.fountain.com/delivery-service-partner/apply/delivery-associate-surfside-angels-llc,Delivery Associate - Surfside Angels LLC
https://amazon-na.fountain.com/delivery-service-partner/apply/delivery-associate-threec-logistics-llc,Delivery Associate - ThreeC Logistics LLC
https://amazon-na.fountain.com/delivery-service-partner/apply/delivery-associate-titan-logistics-llc-windermere-fl,"Delivery Associate - Titan Logistics LLC - Panama City, FL"
https://amazon-na.fountain.com/delivery-service-partner/apply/delivery-associate-top-gunn-fitness-llc,Delivery Associate - Top Gunn Logistics
https://amazon-na.fountain.com/delivery-service-partner/apply/delivery-associate-tucasa-llc,"Delivery Associate - TuCasa, LLC"
https://amazon-na.fountain.com/delivery-service-partner/apply/delivery-associate-cb287f79-391d-4cc0-9ead-84f4531a17ea,Delivery Associate - Two Seam Transportation (DHO8- Gessner Rd)
https://amazon-na.fountain.com/delivery-service-partner/apply/delivery-associate-tyler-wty1,Delivery Associate - Tyler WTY1
https://amazon-na.fountain.com/delivery-service-partner/apply/delivery-associate-upper-valley-logistics-llc,"Delivery Associate - Upper Valley Logistics, LLC"
https://amazon-na.fountain.com/delivery-service-partner/apply/delivery-associate-upper-valley-logistics-llc-6a11efb4-9fe7-48f6-9cb8-d67f05a1b635,"Delivery Associate - Upper Valley Logistics, LLC with AI Recruiter"
https://amazon-na.fountain.com/delivery-service-partner/apply/dgt8-delivery-associate-via-delivery-logistics-llc-alpharetta-ga,"Delivery Associate- VIA Delivery & Logistics LLC- Alpharetta, GA"
https://amazon-na.fountain.com/delivery-service-partner/apply/delivery-associate-weekends-only-kinston-nc,"Delivery Associate - WEEKENDS ONLY - Kinston, NC"
https://amazon-na.fountain.com/delivery-service-partner/apply/delivery-associate-wmd1,Delivery Associate - WMD1
https://amazon-na.fountain.com/delivery-service-partner/apply/delivery-associate-xquisite-logistix-llc,Delivery Associate - Xquisite Logistix LLC
https://amazon-na.fountain.com/delivery-service-partner/apply/delivery-associate-yinzer-logistics-llc-stafford-va,"Delivery Associate â€“ Yinzer Logistics LLC - Stafford, VA"
https://amazon-na.fountain.com/delivery-service-partner/apply/delivery-associate-dlvr,Delivery Driver
https://amazon-na.fountain.com/delivery-service-partner/apply/delivery-associate-ibex-logistics-llc,Delivery Driver
https://amazon-na.fountain.com/delivery-service-partner/apply/delivery-associate-high-point-logistics-llc,Delivery Driver
https://amazon-na.fountain.com/delivery-service-partner/apply/delivery-associate-deluxe-transportation-service-llc,Delivery Driver
https://amazon-na.fountain.com/delivery-service-partner/apply/delivery-driver-22aec182-6828-4725-bf46-33b92c71f115,Delivery Driver
https://amazon-na.fountain.com/delivery-service-partner/apply/dmi7-1pri-delivery-driver,Delivery Driver
https://amazon-na.fountain.com/delivery-service-partner/apply/delivery-associate-oj-vanna-inc,Delivery Driver
https://amazon-na.fountain.com/delivery-service-partner/apply/delivery-associate-finger-lakes-on-wheels-llc,Delivery Driver
https://amazon-na.fountain.com/delivery-service-partner/apply/dpd4-alfz-delivery-driver,Delivery Driver
https://amazon-na.fountain.com/delivery-service-partner/apply/din6-trox-delivery-associate-driver-troxel-logistics-llc,Delivery Driver($21.75) - Amazon Most Outstanding DSP 2024 - Troxel Logistics
https://amazon-na.fountain.com/delivery-service-partner/apply/amazon-driver-17-50-24-hr,Delivery Driver - $23.25-$27.50+ /hr
https://amazon-na.fountain.com/delivery-service-partner/apply/delivery-associate-info-tech-logistics-corp,Delivery Driver - $24:00+  10:00am Start
https://amazon-na.fountain.com/delivery-service-partner/apply/delivery-associate-9-star-logistics-llc,Delivery Driver - 9 Star Logistics LLC
https://amazon-na.fountain.com/delivery-service-partner/apply/delivery-associate-alofa-transport-llc,Delivery Driver - Alofa Transport LLC
https://amazon-na.fountain.com/delivery-service-partner/apply/delivery-associate-svplogistics-llc,DELIVERY DRIVER AMAZON DSP ASSOCIATE
https://amazon-na.fountain.com/delivery-service-partner/apply/wf-amazon-delivery-driver-spanish,Delivery Driver - Amazon DSP - SPANISH
https://amazon-na.fountain.com/delivery-service-partner/apply/delivery-driver-spear-parcels,Delivery Driver - Amazon DSP - SPRC
https://amazon-na.fountain.com/delivery-service-partner/apply/delivery-associate-voltage-logistics-llc,Delivery Driver (Amazon packages)
https://amazon-na.fountain.com/delivery-service-partner/apply/wut1-deliver-amazon-packages-20-25-st-george-utah,Delivery Driver - Amazon Packages - $21.25
https://amazon-na.fountain.com/delivery-service-partner/apply/dpl7-endl-delivery-driver,DELIVERY DRIVER (AMAZON PACKAGES) 915AM START 1ST WAVE
https://amazon-na.fountain.com/delivery-service-partner/apply/dlv3-estw-delivery-driver-amazon-packages,Delivery Driver - Amazon Packages - East West Logistix
https://amazon-na.fountain.com/delivery-service-partner/apply/delivery-associate-linq-logistics-llc,Delivery Driver â€“ Amazon Packages (Linq Logistics LLC) - URGENT HIRING - $22.5/hr to $24/hr
https://amazon-na.fountain.com/delivery-service-partner/apply/delivery-driver-amazon-partner-up-to-27-hr,Delivery Driver - Amazon Partner - Up to $28/hr
https://amazon-na.fountain.com/delivery-service-partner/apply/delivery-driver-amazon-partner-up-to-28-hr,Delivery Driver - Amazon Partner Up to $28/hr
https://amazon-na.fountain.com/delivery-service-partner/apply/delivery-driver-amazon-partner-up-to-27-hr-f2e6c721-1565-477f-abb7-c4c5e9cde4ff,Delivery Driver - Amazon Partner-Up to $28/hr
https://amazon-na.fountain.com/delivery-service-partner/apply/delivery-associate-qsl-llc,Delivery Driver Amazon | QSL - Best Company in Michigan - *Full Time*
https://amazon-na.fountain.com/delivery-service-partner/apply/delivery-associate-ardor-delivery-services,Delivery Driver - Ardor delivery services
https://amazon-na.fountain.com/delivery-service-partner/apply/delivery-associate-asb-global-llc,Delivery Driver - ASB Global
https://amazon-na.fountain.com/delivery-service-partner/apply/delivery-associate-asp-logistics-llc,Delivery Driver - ASP LOGISTICS LLC
https://amazon-na.fountain.com/delivery-service-partner/apply/delivery-associate-espin-express-inc,Delivery Driver Associate - Deerfield Beach FL
https://amazon-na.fountain.com/delivery-service-partner/apply/delivery-associate-astra-lux-logistics-llc,Delivery Driver - Astra Lux Logistics LLC
https://amazon-na.fountain.com/delivery-service-partner/apply/delivery-driver-f2f5d7f3-7578-4e65-a174-5adaaa561a07,Delivery Driver - ATKY
https://amazon-na.fountain.com/delivery-service-partner/apply/h6-logistics-dot-driver-jupiter-fl,Delivery Driver Box Truck
https://amazon-na.fountain.com/delivery-service-partner/apply/delivery-associate-breezco-logistics-llc,Delivery Driver - Breezco Logistics LLC
https://amazon-na.fountain.com/delivery-service-partner/apply/delivery-associate-capital-city-logistics-llc,Delivery Driver - Capital City Logistics LLC
https://amazon-na.fountain.com/delivery-service-partner/apply/delivery-driver-cargo-central-point,Delivery Driver Cargo - Central Point
https://amazon-na.fountain.com/delivery-service-partner/apply/delivery-associate-pure-deliver-llc,Delivery Driver: Cargo Van  ** NO CDL REQUIRED
https://amazon-na.fountain.com/delivery-service-partner/apply/delivery-driver-cat-5-logistics,Delivery Driver - Cat 5 Logistics
https://amazon-na.fountain.com/delivery-service-partner/apply/delivery-associate-cazar-logistics-llc,Delivery Driver - Cazar Logistics LLC
https://amazon-na.fountain.com/delivery-service-partner/apply/delivery-associate-cnkt-logistics,Delivery Driver - CNKT Logistics
https://amazon-na.fountain.com/delivery-service-partner/apply/delivery-associate-c-amp-v-delivery-service-llc,"Delivery Driver - C & V Delivery Service, LLC"
https://amazon-na.fountain.com/delivery-service-partner/apply/delivery-associate-delco-deadline-deliveries-llc,"Delivery Driver- Delco Deadline Deliveries, LLC"
https://amazon-na.fountain.com/delivery-service-partner/apply/h6-logistics-dispatcher-jupiter-fl,Delivery Driver Dispatcher
https://amazon-na.fountain.com/delivery-service-partner/apply/delivery-associate-ditto-logistics-llc,Delivery Driver - Ditto Logistics LLC
https://amazon-na.fountain.com/delivery-service-partner/apply/dsd8-poway-delivery-associate-gt-elite-logistics-llc,Delivery Driver DJT6 - GT Elite Logistics LLC
https://amazon-na.fountain.com/delivery-service-partner/apply/delivery-associate-gt-elite-logistics-llc,Delivery Driver DJW8 - GT Elite Logistics LLC
https://amazon-na.fountain.com/delivery-service-partner/apply/downers-grove-delivery-driver,Delivery Driver - Downers Grove (DHX6)
https://amazon-na.fountain.com/delivery-service-partner/apply/delivery-associate-hudson-steel-corp,Delivery Driver - DSP E-Bike
https://amazon-na.fountain.com/delivery-service-partner/apply/delivery-associate-edrs-logistics-corp,Delivery Driver - EDRS Logistics Corp.
https://amazon-na.fountain.com/delivery-service-partner/apply/delivery-associate-el-rapido-logistics-llc,Delivery Driver - El Rapido Logistics LLC
https://amazon-na.fountain.com/delivery-service-partner/apply/delivery-associate-endevelopment-logistics-llc,Delivery Driver - enDevelopment Logistics LLC
https://amazon-na.fountain.com/delivery-service-partner/apply/delivery-associate-expresso-delivery-llc,Delivery Driver - Expresso Delivery LLC
https://amazon-na.fountain.com/delivery-service-partner/apply/delivery-associate-focus-logistics-inc,"Delivery Driver - Focus Logistics, Inc."
https://amazon-na.fountain.com/delivery-service-partner/apply/delivery-driver-for-amazon-packages,Delivery Driver for Amazon Packages
https://amazon-na.fountain.com/delivery-service-partner/apply/delivery-associate-55th-3rd-llc,"Delivery Driver - Hanover, MD"
https://amazon-na.fountain.com/delivery-service-partner/apply/h6-logistics-helper-jupiter-fl,Delivery Driver Helper
https://amazon-na.fountain.com/delivery-service-partner/apply/dyn7-kdlz-template-dsp-helper,Delivery Driver Helper- King Delivery LLC
https://amazon-na.fountain.com/delivery-service-partner/apply/delivery-driver-helper-top-gunn-logistics,Delivery Driver Helper - Top Gunn Logistics
https://amazon-na.fountain.com/delivery-service-partner/apply/delivery-associate-independent-courier-llc,Delivery Driver - Independent Courier LLC
https://amazon-na.fountain.com/delivery-service-partner/apply/delivery-driver-in-gaylord-mi,"Delivery Driver in Gaylord, MI"
https://amazon-na.fountain.com/delivery-service-partner/apply/ddt9-nspr-delivery-driver-inspire-logistics,Delivery Driver - Inspire Logistics LLC (Michigan DDT9)
https://amazon-na.fountain.com/delivery-service-partner/apply/wmo2-delivery-driver-ip-focus-logistics-and-services-llc,"Delivery Driver - IP Focus Logistics and Services, LLC"
https://amazon-na.fountain.com/delivery-service-partner/apply/delivery-associate-jcj-transport,Delivery Driver - JCJ Transport
https://amazon-na.fountain.com/delivery-service-partner/apply/delivery-associate-jdw-logistics-llc,Delivery Driver - JDW Logistics LLC
https://amazon-na.fountain.com/delivery-service-partner/apply/drt7-step-van-delivery-associates-drt7,Delivery Driver Job Application
https://amazon-na.fountain.com/delivery-service-partner/apply/delivery-associate-jo-logistics,Delivery Driver- JO Logistics
https://amazon-na.fountain.com/delivery-service-partner/apply/delivery-driver-jpz-logistics-llc,Delivery Driver - JPZ Logistics
https://amazon-na.fountain.com/delivery-service-partner/apply/delivery-associate-j-s-logistics-llc,Delivery Driver - J&S Logistics LLC
https://amazon-na.fountain.com/delivery-service-partner/apply/delivery-associate-kade-industries-llc,"Delivery Driver - KADE Industries, LLC"
https://amazon-na.fountain.com/delivery-service-partner/apply/delivery-associate-king-delivery-llc,Delivery Driver - King Delivery LLC
https://amazon-na.fountain.com/delivery-service-partner/apply/delivery-driver-ld3-logistics-llc-29670fdd-6d7a-49ac-9931-84f4c5cacf51,Delivery Driver - LD3 Logistics LLC
https://amazon-na.fountain.com/delivery-service-partner/apply/delivery-associate-leadership-logistics-llc,Delivery Driver-Littleton
https://amazon-na.fountain.com/delivery-service-partner/apply/delivery-associate-main-point-logistics-llc,"Delivery Driver - Main Point Logistics, LLC"
https://amazon-na.fountain.com/delivery-service-partner/apply/delivery-associate-majestic-logistix-llc,Delivery Driver - Majestic Logistix LLC
https://amazon-na.fountain.com/delivery-service-partner/apply/delivery-associate-non-dot-van-jb3-delivery,Delivery Driver Non-DOT Van  - JB3 DELIVERY
https://amazon-na.fountain.com/delivery-service-partner/apply/delivery-associate-one-dream-logistics-inc,Delivery Driver - ONE DREAM LOGISTICS INC ($23.75/hr-$25.50/hr)
https://amazon-na.fountain.com/delivery-service-partner/apply/delivery-associate-outlaw-logistics-llc,Delivery Driver - Outlaw Logistics LLC
https://amazon-na.fountain.com/delivery-service-partner/apply/delivery-associate-paradise-logistics-corp,Delivery Driver - Paradise Logistics Corp.
https://amazon-na.fountain.com/delivery-service-partner/apply/delivery-associate-proactive-logistics-home-inc,Delivery Driver - Proactive Logistics Home Inc
https://amazon-na.fountain.com/delivery-service-partner/apply/delivery-driver-probyn-inc,Delivery Driver - Probyn Inc
https://amazon-na.fountain.com/delivery-service-partner/apply/delivery-associate-propel-delivery-and-logistics,Delivery Driver - Propel Delivery and Logistics
https://amazon-na.fountain.com/delivery-service-partner/apply/delivery-driver-red-fox-run-logistics-inc,Delivery Driver - Red Fox Run Logistics Inc.
https://amazon-na.fountain.com/delivery-service-partner/apply/dgt8-reat-copy-of-delivery-associate-regional-express-inc-atlanta,Delivery Driver - Regional Express Inc - Atlanta
https://amazon-na.fountain.com/delivery-service-partner/apply/delivery-associate-regional-express-inc-dpp7,Delivery Driver - Regional Express Inc. (DPP7) (Non CDL)
https://amazon-na.fountain.com/delivery-service-partner/apply/delivery-driver-charlottesville,Delivery Driver - Roanoke
https://amazon-na.fountain.com/delivery-service-partner/apply/delivery-associate-robot-o-logistics,Delivery Driver - ROBO Logistics
https://amazon-na.fountain.com/delivery-service-partner/apply/delivery-associate-safe-point-logistics,Delivery Driver - Safe Point Logistics
https://amazon-na.fountain.com/delivery-service-partner/apply/delivery-associate-safeway-logistics-llc,Delivery Driver - SafeWay Logistics LLC
https://amazon-na.fountain.com/delivery-service-partner/apply/delivery-drivers-dje9,**Delivery Drivers DJE9
https://amazon-na.fountain.com/delivery-service-partner/apply/se-habla-esnanol-delivery-associate,Delivery Driver (SE HABLA ESPAÃ‘OL) Amazon DSP
https://amazon-na.fountain.com/delivery-service-partner/apply/delivery-associate-semiramis-logistics-llc,Delivery Driver - Semiramis Logistics LLC
https://amazon-na.fountain.com/delivery-service-partner/apply/delivery-associate-shadowfax-logistics-llc,"Delivery Driver - Shadowfax Logistics, LLC"
https://amazon-na.fountain.com/delivery-service-partner/apply/delivery-associate-sicc-logistx-llc,"Delivery Driver - SICC Logistx, LLC"
https://amazon-na.fountain.com/delivery-service-partner/apply/delivery-associate-blackwater-management-llc,Delivery Driver (Si Habla Espanol) - Blackwater Management LLC
https://amazon-na.fountain.com/delivery-service-partner/apply/edgewood-md-delivery-driver,Delivery Driver (Si Habla Espanol) W-S
https://amazon-na.fountain.com/delivery-service-partner/apply/delivery-associate-sr-p-logistical-services-llc,Delivery Driver - SR&P Logistical Services LLC
https://amazon-na.fountain.com/delivery-service-partner/apply/delivery-associate-spelman-logistics,Delivery Driver - Starting rate at $22.25/hr
https://amazon-na.fountain.com/delivery-service-partner/apply/delivery-associate-streamline-delivery-solutions-inc,Delivery Driver - Streamline Delivery Solutions Inc.
https://amazon-na.fountain.com/delivery-service-partner/apply/delivery-associate-tgz-logistics,Delivery Driver - TGZ Logistics
https://amazon-na.fountain.com/delivery-service-partner/apply/delivery-associate-the-incline-effect-logistics-llc-atlanta-ga,"Delivery Driver- The Incline Effect Logistics LLC- Atlanta, GA"
https://amazon-na.fountain.com/delivery-service-partner/apply/delivery-associate-timmer-group-llc,Delivery Driver - Timmer Group LLC
https://amazon-na.fountain.com/delivery-service-partner/apply/delivery-driver-token-logistics-llc-85d76ced-c934-4953-8006-24ea7eea9397,Delivery Driver - Token Logistics LLC
https://amazon-na.fountain.com/delivery-service-partner/apply/delivery-associate-total-package-delivery-llc,Delivery Driver - Total Package Delivery LLC
https://amazon-na.fountain.com/delivery-service-partner/apply/delivery-driver-tripeaks-logistics-llc,Delivery Driver - TriPeaks Logistics LLC
https://amazon-na.fountain.com/delivery-service-partner/apply/delivery-associate-uplift-couriers-llc,Delivery Driver - Uplift Couriers LLC
https://amazon-na.fountain.com/delivery-service-partner/apply/delivery-driver-upward-logistics-group,Delivery Driver - Upward Logistics Group with AI Recruiter
https://amazon-na.fountain.com/delivery-service-partner/apply/delivery-associate-skyline-deliveries-llc,Delivery Driver - Waynesboro
https://amazon-na.fountain.com/delivery-service-partner/apply/delivery-associate-w-e-s-logistics-llc,Delivery Driver - W.E.S. Logistics LLC
https://amazon-na.fountain.com/delivery-service-partner/apply/delivery-driver-westhampton-vacation-pace-logistics-llc,"Delivery Driver - Westhampton - Vacation Pace Logistics, LLC"
https://amazon-na.fountain.com/delivery-service-partner/apply/delivery-associate-whiterecon-logistics-llc,Delivery Driver - WhiteRecon Logistics (Amazon Delivery Partner)
https://amazon-na.fountain.com/delivery-service-partner/apply/delivery-driver-with-a-top-amazon-dsp-port-st-lucie-7d3bc5e8-1271-4d62-be22-4065c2c52b7b,Delivery Driver With A Top Amazon DSP - Port St Lucie
https://amazon-na.fountain.com/delivery-service-partner/apply/delivery-driver-with-a-top-amazon-dsp-west-palm-beach,Delivery Driver With A Top Amazon DSP - West Palm Beach
https://amazon-na.fountain.com/delivery-service-partner/apply/delivery-helper-0862b549-0487-4113-82ce-d06bbcf9eec2,Delivery Helper
https://amazon-na.fountain.com/delivery-service-partner/apply/wut1-ddar-delivery-helper-amazon-packages-17,Delivery Helper - Amazon Packages - $17
https://amazon-na.fountain.com/delivery-service-partner/apply/dgr3-delivery-helper-atky,Delivery Helper - ATKY
https://amazon-na.fountain.com/delivery-service-partner/apply/delivery-helpers-houston-tx,"Delivery Helpers-Houston, TX"
https://amazon-na.fountain.com/delivery-service-partner/apply/h6-logistics-mco-jupiter-fl,Delivery Van Driver
https://amazon-na.fountain.com/delivery-service-partner/apply/dfh7-cags-delivery-associate-small-package-delivery-q126,DFH7 - CAGS - Delivery Associate- Small Package Delivery Q126
https://amazon-na.fountain.com/delivery-service-partner/apply/dfh7-cags-small-package-delivery-driver-amazon-dsp,DFH7 - CAGS -  Small Package Delivery Driver Amazon DSP
https://amazon-na.fountain.com/delivery-service-partner/apply/dfl3-gainesville-dfl3-delivery-associate,DFL3 - Delivery Driver
https://amazon-na.fountain.com/delivery-service-partner/apply/dfl5-bige-driver-helper-big-dog-delivery,DFL5 - BIGE - Driver Helper - Big Dog Delivery
https://amazon-na.fountain.com/delivery-service-partner/apply/dfl8-cypr-template-dsp-helper,DFL8 - CYPR - TEMPLATE DSP - Helper
https://amazon-na.fountain.com/delivery-service-partner/apply/dfl8-maga-delivery-associate,"DFL8 - MAGA - Delivery Associate - Groveland, FL"
https://amazon-na.fountain.com/delivery-service-partner/apply/dge7-just-dsp-delivery-driver-39,DGE7 - JUST - DSP Delivery Driver 39
https://amazon-na.fountain.com/delivery-service-partner/apply/dge7-kign-delivery-driver-delivery-associate,DGE7 - KIGN  - Delivery Driver (Delivery Associate)
https://amazon-na.fountain.com/delivery-service-partner/apply/dge9-bost-amazon-dsp-delivery-associate,DGE9 - BOST - Amazon DSP Delivery Associate
https://amazon-na.fountain.com/delivery-service-partner/apply/dge9-dayb-delivery-associate,DGE9-DAYB - Delivery Associate
https://amazon-na.fountain.com/delivery-service-partner/apply/ddp7-elizabethtown-delivery-driver-seasonal,DGI3 Wilmington - Delivery Driver Seasonal
https://amazon-na.fountain.com/delivery-service-partner/apply/dgr6-exlg-dgr6-driver-helper,DGR6 - EXLG - DGR6 Driver Helper
https://amazon-na.fountain.com/delivery-service-partner/apply/dgr8-qsll-qsl-on-the-road-supervisor,DGR8 - QSLL - On the Road Supervisor
https://amazon-na.fountain.com/delivery-service-partner/apply/dgt8-viad-spanish-speaking-driver-associate,DGT8 - VIAD - Spanish-Speaking Driver Associate
https://amazon-na.fountain.com/delivery-service-partner/apply/dgt8-weso-delivery-associate-w-e-s-logistics-llc-in-person,DGT8 - WESO -  Delivery Associate - W.E.S. Logistics LLC - In Person
https://amazon-na.fountain.com/delivery-service-partner/apply/dhx3-ntyn-delivery-associate-helper,DHO8 - NTYN - Delivery Associate Helper
https://amazon-na.fountain.com/delivery-service-partner/apply/dhx4-elan-delivery-associate,"DHX4 - ELAN - Delivery Associate - Spring, TX"
https://amazon-na.fountain.com/delivery-service-partner/apply/dia4-jplz-weekend-only-delivery-associate-jpz-logistics-llc,DIA4 - JPLZ - Weekend Only Delivery Associate - JPZ Logistics  LLC
https://amazon-na.fountain.com/delivery-service-partner/apply/dia6-mtsl-rockford-seasonal-delivery-associate,DIA6-MTSL - Rockford Seasonal Delivery Associate
https://amazon-na.fountain.com/delivery-service-partner/apply/dib6-motl-delivery-associate-motogistics-logistics,DIB6 - MOTL - Delivery Associate - Motogistics Logistics
https://amazon-na.fountain.com/delivery-service-partner/apply/dib6-motl-driver-helper,DIB6 - MOTL - Driver Helper
https://amazon-na.fountain.com/delivery-service-partner/apply/dil7-acsw-active-da,DIL7 - ACSW - Active Da
https://amazon-na.fountain.com/delivery-service-partner/apply/dil7-acsw-delivery-driver-helper,DIL7 - ACSW - Delivery Driver Helper
https://amazon-na.fountain.com/delivery-service-partner/apply/dil7-skokie-delivery-associate-khart-logistics-inc-skokie-dil7,DIL7 Skokie - Delivery Associate - (Skokie â€“ DIL7)
https://amazon-na.fountain.com/delivery-service-partner/apply/din4-delivery-associate-dynamic-delivery-llc,DIN4 - Delivery Associate - Dynamic Delivery LLC
https://amazon-na.fountain.com/delivery-service-partner/apply/dni8-package-pros-indy-delivery-driver-din8,DIN8 - Package Pros INDY  - Delivery Driver - DIN8
https://amazon-na.fountain.com/delivery-service-partner/apply/ddp1-olaw-dispatcher,Dispatcher - Outlaw Logistics LLC
https://amazon-na.fountain.com/delivery-service-partner/apply/dye6-evro-delivery-associate-everon-logistics,DJE1 - Delivery Associate - Everon Logistics
https://amazon-na.fountain.com/delivery-service-partner/apply/dje3-lmop-step-van-driver,DJE3 - LMOP - Step Van Driver
https://amazon-na.fountain.com/delivery-service-partner/apply/djt6-lelt-delivery-driver-riverside-djt6,DJT6 - LELT - DELIVERY DRIVER Riverside DJT6
https://amazon-na.fountain.com/delivery-service-partner/apply/djt6-lelt-driver-helper-djt6-riverside,DJT6 - LELT - Driver Helper Djt6- Riverside
https://amazon-na.fountain.com/delivery-service-partner/apply/delivery-associate-epic-logistics-llc,DJX3 - Delivery Driver
https://amazon-na.fountain.com/delivery-service-partner/apply/djx3-delivery-associate-on-top-delivery-llc,DJX3 - Delivery Driver - On Top Delivery LLC
https://amazon-na.fountain.com/delivery-service-partner/apply/djz2-ms-expert-logistics-onboarding-bbec5a44-e0cf-4524-8de8-896dce4effff,DJZ2 - MS Expert Logistics Onboarding
https://amazon-na.fountain.com/delivery-service-partner/apply/delivery-associate-driver,DJZ3 - BAML Delivery Associate - Driver
https://amazon-na.fountain.com/delivery-service-partner/apply/dko1-dnic-delivery-driver,DKO1 - DNIC - Delivery Driver
https://amazon-na.fountain.com/delivery-service-partner/apply/dks3-amazon-delivery-driver-full-time-part-time-lenexa-ks-18-75,DKS3 - Amazon Delivery Driver - Full-time / Part-time - Lenexa KS - $22.25
https://amazon-na.fountain.com/delivery-service-partner/apply/dks3-eccl-amazon-delivery-driver-no-vid-22-25,DKS3 - ECCL - Amazon Delivery Driver - Group - $22.25 Dec2025
https://amazon-na.fountain.com/delivery-service-partner/apply/dks3-eccl-hub-delivery-driver,DKS3 - ECCL - Hub Delivery Driver - $22.25 per hour
https://amazon-na.fountain.com/delivery-service-partner/apply/dks3-eccl-loadout-operations-coordinator,DKS3 - ECCL - Loadout Operations Coordinator
https://amazon-na.fountain.com/delivery-service-partner/apply/dks3-eccl-weekend-hub-delivery-driver,DKS3 - ECCL - Weekend Hub Delivery Driver - Amazon DSP - $22.25 per hour
https://amazon-na.fountain.com/delivery-service-partner/apply/delivery-associate-h2-h-squared-logistics-llc,DKY5 - Delivery Driver - H2 H-Squared Logistics LLC
https://amazon-na.fountain.com/delivery-service-partner/apply/dky9-florence-ky-amazon-delivery-driver,"DKY9 - Florence, KY - Amazon Delivery Driver"
https://amazon-na.fountain.com/delivery-service-partner/apply/dky9-florence-ky-dky9-seasonal-amazon-delivery-driver,"DKY9 - Florence, KY - DKY9 - Seasonal Amazon Delivery Driver"
https://amazon-na.fountain.com/delivery-service-partner/apply/dli3-yexp-delivery-associate,DLI3 - YEXP - Delivery Associate
https://amazon-na.fountain.com/delivery-service-partner/apply/dli3-yexp-pt-delivery-associate,DLI3 - YEXP - PT Delivery Associate
https://amazon-na.fountain.com/delivery-service-partner/apply/dli-6-amazon-dsp-delivery-driver-tyko-logistics-llc,DLI 6 - Amazon DSP Delivery Driver - TyKo Logistics LLC
https://amazon-na.fountain.com/delivery-service-partner/apply/dli8-town-and-country-couriers-helper-onboarding,DLI8 - Town and Country Couriers Helper Onboarding
https://amazon-na.fountain.com/delivery-service-partner/apply/dcm2-acst-town-and-country-onboarding,DLI8 - Town and Country Onboarding
https://amazon-na.fountain.com/delivery-service-partner/apply/dln3-kdll-kdl-delivery-associate-4a1659f7-133d-4608-bb98-75d275093484,DLN3 - KDLL - KDL Delivery Associate
https://amazon-na.fountain.com/delivery-service-partner/apply/dln8-mtsl-delivery-associate-mtsl,DLN8 - MTSL - Delivery Associate - MTSL
https://amazon-na.fountain.com/delivery-service-partner/apply/dlv3-estw-8-23-25-da-estw,DLV3 - ESTW - 8/23/25 DA ESTW
https://amazon-na.fountain.com/delivery-service-partner/apply/dmc4-epsi-small-package-delivery-driver,DMC4 - EPSI - Small Package Delivery Driver
https://amazon-na.fountain.com/delivery-service-partner/apply/dmd6-delivery-associate-on-time-delivery-services,DMD6 - Delivery Associate - On-Time Delivery Services
https://amazon-na.fountain.com/delivery-service-partner/apply/dmd6-trzc-dispatcher-55th-3rd-llc,DMD6 - TRZC - Dispatcher - 55th & 3rd LLC
https://amazon-na.fountain.com/delivery-service-partner/apply/dnh2-delivery-associate-msnt-llc,"DNH2 - Delivery Associate , MSNT LLC."
https://amazon-na.fountain.com/delivery-service-partner/apply/delivery-associate-a1-shipping-llc,DOR3- Delivery Associate - A1 Shipping LLC
https://amazon-na.fountain.com/delivery-service-partner/apply/delivery-driver-angry-byrd-logistics-1085af0c-8ffe-45ec-a3ed-06b30b31d3db,DOT Delivery Associate - Angry Byrd Logistics
https://amazon-na.fountain.com/delivery-service-partner/apply/delivery-associate-nk-intelligent-transportation-llc,DOT Delivery Driver AMZ DSP (Professional Driving Experience Required) NKIT
https://amazon-na.fountain.com/delivery-service-partner/apply/dpd8-cargo-van-driver,DPD8 - Cargo Van Driver
https://amazon-na.fountain.com/delivery-service-partner/apply/dpd8-trpk-tripeaks-delivery-associate-leads,DPD8 - TRPK - TriPeaks Delivery Associate (LEADS)
https://amazon-na.fountain.com/delivery-service-partner/apply/dpd8-trpk-tripeaks-logistics-delivery-driver-helper,DPD8 - TRPK - TriPeaks Logistics Delivery Driver Helper
https://amazon-na.fountain.com/delivery-service-partner/apply/dph7-frll-delivery-associate,"DPH7 - Far Reach Logistics - Delivery Associate - Elizabethtown, PA"
https://amazon-na.fountain.com/delivery-service-partner/apply/dph7-far-reach-logistics-delivery-associate-elizabethtown-pa,"DPH7 - Far Reach Logistics - Delivery Associate - Elizabethtown, PA with AI Recruiter"
https://amazon-na.fountain.com/delivery-service-partner/apply/dpp1-amazon-delivery-driver-ocelot,DPP1 - Amazon Delivery Driver: Ocelot
https://amazon-na.fountain.com/delivery-service-partner/apply/dpp7-rgpt-amazon-delivery-driver-e-r,DPP7 - Amazon Delivery Driver: E&R
https://amazon-na.fountain.com/delivery-service-partner/apply/dps2-mllg-delivery-associate-marshall-logistics-llc,DPS2 - MLLG - Delivery Associate - Marshall Logistics LLC.
https://amazon-na.fountain.com/delivery-service-partner/apply/dps2-mllg-dsp-driver-helper,DPS2 - MLLG - DSP - Driver Helper
https://amazon-na.fountain.com/delivery-service-partner/apply/dmi7-1pri-template-dsp-helper,Driver Helper
https://amazon-na.fountain.com/delivery-service-partner/apply/driver-helper-a-a-express-logistics-llc,Driver Helper - A&A Express Logistics LLC
https://amazon-na.fountain.com/delivery-service-partner/apply/driver-helper-dho8-gessner-rd,Driver Helper - Two Seam Transportation (DHO8-Gessner Rd)
https://amazon-na.fountain.com/delivery-service-partner/apply/delivery-associate-aero-logistics-transportation-inc,DRT3- Delivery Driver - Aero Logistics & Transportation Inc.
https://amazon-na.fountain.com/delivery-service-partner/apply/drt7-isqu-fleet-coordinator,DRT7 - ISQU - Fleet Coordinator
https://amazon-na.fountain.com/delivery-service-partner/apply/drt7-isqu-hiring-fair-pool,DRT7 - ISQU - Hiring Fair Candidate Pool
https://amazon-na.fountain.com/delivery-service-partner/apply/drt7-isqu-hiring-fair-delivery-associate-i-squared-logistics,DRT7 - ISQU - Hiring Fair Delivery Associate
https://amazon-na.fountain.com/delivery-service-partner/apply/drt8-arkham-logistics-recruiting,DRT8 - Arkham Logistics Recruiting
https://amazon-na.fountain.com/delivery-service-partner/apply/drt8-aroe-delivery-driver-associate-aero-logistics-transportation-inc,DRT8 - Delivery Driver - Aero Logistics & Transportation Inc.
https://amazon-na.fountain.com/delivery-service-partner/apply/dsd5-jglg-delivery-associate-jg3-logistics-llc,DSD5- JGLG - Delivery Associate - JG3 Logistics LLC
https://amazon-na.fountain.com/delivery-service-partner/apply/dsd8-poway-ca-cash-seasonal-delivery-driver,"DSD8 - Poway, CA CASH - Seasonal Delivery Driver"
https://amazon-na.fountain.com/delivery-service-partner/apply/dtg5-bulg-delivery-associate,DTG5 - BULG - Delivery Associate
https://amazon-na.fountain.com/delivery-service-partner/apply/dtn8-wino-dsp-drivers-wanted-21-25-500-bonus-weekly-pay,DTN8 - WINO - DSP Drivers Wanted! $21.25+ $500 Bonus (Weekly Pay)
https://amazon-na.fountain.com/delivery-service-partner/apply/delivery-associate-leading-edge-logistix-llc,DUR9 2025 Delivery Associate - Leading Edge Logistix LLC
https://amazon-na.fountain.com/delivery-service-partner/apply/dur9-jglg-driver-helper-temecula,DUR9 - JGLG - Driver Helper Temecula
https://amazon-na.fountain.com/delivery-service-partner/apply/dur9-lelt-delivery-driver-temecula-tco,DUR9 - LELT - Dont use
https://amazon-na.fountain.com/delivery-service-partner/apply/dur9-lelt-driver-helper-dur9,DUR9 - LELT - Driver Helper DUR9
https://amazon-na.fountain.com/delivery-service-partner/apply/dut4-votl-part-time-delivery-associate-voltage-logistics-llc-delivering-amazon-packages,DUT4 - VOTL - Part time Delivery Associate Voltage Logistics LLC. (Delivering Amazon Packages)
https://amazon-na.fountain.com/delivery-service-partner/apply/wch2-amazon-delivery-associate-succor-delivery-services-llc,DVA5 Peak 2025-Delivery Associate - Succor Delivery Services LLC
https://amazon-na.fountain.com/delivery-service-partner/apply/dwa7-rxpy-delivery-associate-helper,DWA7 - RXPY - Delivery Associate - Helper
https://amazon-na.fountain.com/delivery-service-partner/apply/dwi4-amazon-delivery-driver,DWI4 - Amazon Delivery Driver
https://amazon-na.fountain.com/delivery-service-partner/apply/delivery-driver-1071a719-9442-4f6c-9def-2c7a0df308dc,DWO6 Indeed Linked Delivery Driver
https://amazon-na.fountain.com/delivery-service-partner/apply/dcm2-acst-package-pros-dwo6-onbaording,DWO6 - Package Pros Onboarding
https://amazon-na.fountain.com/delivery-service-partner/apply/dxh6-svpl-asst-manager,DXH6 - SVPL - Asst Manager
https://amazon-na.fountain.com/delivery-service-partner/apply/dxh6-twnt-driver-helper,DXH6 - TWNT - Driver Helper
https://amazon-na.fountain.com/delivery-service-partner/apply/dcm2-acst-ms-expert-logistics-onboarding,DYN7 - MS Expert Logistics Onboarding
https://amazon-na.fountain.com/delivery-service-partner/apply/dyr7-glcp-2025-handbook,DYR7 - GLCP - 2025 Handbook
https://amazon-na.fountain.com/delivery-service-partner/apply/dyr7-glcp-amazon-delivery-driver-20-00-hour-hiring-asap,DYR7 - GLCP - Amazon Delivery Driver - $23 - 24.50/ hour+ bonus  Hiring ASAP
https://amazon-na.fountain.com/delivery-service-partner/apply/dyr7-glcp-driver-helper,DYR7 - GLCP - Driver Helper
https://amazon-na.fountain.com/delivery-service-partner/apply/dyy5-ndrm-delivery-driver-helper-18-00-hr-20-00,DYY5 - NDRM - Delivery driver HELPER ($18.00/hr - $20.00)
https://amazon-na.fountain.com/delivery-service-partner/apply/dyy8-fcus-delivery-associate-focus-logistics-inc-seasonal,"DYY8 - FCUS - Delivery Associate - Focus Logistics, Inc. - Seasonal"
https://amazon-na.fountain.com/delivery-service-partner/apply/delivery-associate-extreme-logistix,Extreme Logistix Delivery Driver(Full-Time / Part-Time) Grand Rapids
https://amazon-na.fountain.com/delivery-service-partner/apply/fedex-29-toelles-delivery-driver-y-j-logistics-inc,FEDEX 29 Toelles - Delivery Driver - Y&J Logistics Inc
https://amazon-na.fountain.com/delivery-service-partner/apply/fedex-east-greenbush-fedex-dot-delivery-associate,FedEx East Greenbush - FedEx DOT Delivery Associate
https://amazon-na.fountain.com/delivery-service-partner/apply/baton-rouge-fedex-delivery-driver-baton-rouge-la_-daily-rate,FedEx JREL Delivery Associate â€“ Baton Rouge
https://amazon-na.fountain.com/delivery-service-partner/apply/north-memphis-jrel-delivery-associate-daily-rate,FedEx JREL Delivery Associate - North Memphis
https://amazon-na.fountain.com/delivery-service-partner/apply/fedex-madison,FedEx Madison
https://amazon-na.fountain.com/delivery-service-partner/apply/oceanside-fedex-rural-delivery-associate-oceanside,FedEx Rural Delivery Associate - Oceanside
https://amazon-na.fountain.com/delivery-service-partner/apply/fleet-manager-dispatcher-amazon-dsp-st-rose-la,"Fleet Coordinator / Dispatcher Amazon DSP - St. Rose, La"
https://amazon-na.fountain.com/delivery-service-partner/apply/fleet-manager-cameron-sc-29030,"Fleet Manager-Cameron, SC 29030"
https://amazon-na.fountain.com/delivery-service-partner/apply/ft-delivery-associate-from-seasonal,FT Delivery Associate - From Seasonal
https://amazon-na.fountain.com/delivery-service-partner/apply/delivery-associate-skyhook-2-llc-dgr8-skyl,"FT - Delivery Associate - SkyHook 2, LLC"
https://amazon-na.fountain.com/delivery-service-partner/apply/delivery-associate-wnc8-papa,"Full Time Delivery Associate - Cameron, SC"
https://amazon-na.fountain.com/delivery-service-partner/apply/delivery-associate-the-last-mile-company-llc,ðŸšš Full Time Delivery Driver- The Last Mile Company
https://amazon-na.fountain.com/delivery-service-partner/apply/vfl8-glsz-part-time-delivery-associate,"G7 Logistics - Part Time Delivery Associate - Orlando, FL"
https://amazon-na.fountain.com/delivery-service-partner/apply/greater-north-west-airport-sub-region-1-delivery-associate-27-34-full-time-part-time,GREATER NORTH/WEST AIRPORT SUB REGION 1 - DELIVERY ASSOCIATE- $27-$34  FULL TIME & PART TIME
https://amazon-na.fountain.com/delivery-service-partner/apply/hat2-amazon-dsp-box-truck-delivery-driver,HAT2 - Amazon DSP DOT Driver
https://amazon-na.fountain.com/delivery-service-partner/apply/dli8-dlux-helper,Helper
https://amazon-na.fountain.com/delivery-service-partner/apply/tualatin-ibex-driver-helper,Helper
https://amazon-na.fountain.com/delivery-service-partner/apply/hgr1-delivery-associate-great-lakes-solutions-llc,HGR1 - Delivery Associate - Great Lakes Solutions LLC
https://amazon-na.fountain.com/delivery-service-partner/apply/hgr1-delivery-driver-helper,HGR1 - Delivery Driver Helper
https://amazon-na.fountain.com/delivery-service-partner/apply/hiring-event-in-person-interviews,Hiring Event - In Person Interviews
https://amazon-na.fountain.com/delivery-service-partner/apply/hmk4-perp-dot-delivery-driver,HMK4 - PERP - DOT Delivery Driver
https://amazon-na.fountain.com/delivery-service-partner/apply/hmy1-jbvy-dispatcher-xl-station-st-rose-la,"HMY1 - JBVY - Dispatcher XL STATION- St. Rose, La"
https://amazon-na.fountain.com/delivery-service-partner/apply/hny2-delivery-driver-helper-proactive-logistics-home-inc,HNY2 - Delivery Driver Helper - Proactive Logistics Home Inc
https://amazon-na.fountain.com/delivery-service-partner/apply/hoboken-delivery-courier-amazon-packages,Hoboken - $18.50 hour - Fulltime Delivery  Foot Courier delivering Amazon packages
https://amazon-na.fountain.com/delivery-service-partner/apply/hoboken-hoboken-part-time-delivery-foot-courier-delivering-amazon-packages,Hoboken - Hoboken -$18.50 Part-time Delivery  Foot Courier delivering Amazon packages
https://amazon-na.fountain.com/delivery-service-partner/apply/hom1-amazon-xl-delivery-driver-box-truck,HOM1 - AMAZON XL DELIVERY DRIVER - BOX TRUCK
https://amazon-na.fountain.com/delivery-service-partner/apply/hq-administrative-coordinator,HQ - Administrative Coordinator
https://amazon-na.fountain.com/delivery-service-partner/apply/dpd4-exll-join-our-team-as-an-amazon-delivery-driver-up-to-30-hr,Join Our Team as an Amazon Delivery Driver - Up to $28/hr
https://amazon-na.fountain.com/delivery-service-partner/apply/delivery-associate-keewest-logistics-llc,Keewest Logistics LLC - Delivery Associate - Lexington KY
https://amazon-na.fountain.com/delivery-service-partner/apply/khart-dsp-helper-downers-grove-dxh6,KHART DSP - Helper Downers Grove (DXH6)
https://amazon-na.fountain.com/delivery-service-partner/apply/dyx2-pule-amazon-driver-delivery-associate,Last-Mile Driver Associates - Puleri Logistics Solutions LLC
https://amazon-na.fountain.com/delivery-service-partner/apply/lebanon-delivery-associate,Lebanon - Delivery Associate
https://amazon-na.fountain.com/delivery-service-partner/apply/lovx-delivery-associate,"LOVX - Delivery Associate - District Heights, MD"
https://amazon-na.fountain.com/delivery-service-partner/apply/lga5-pinnacle-driver-delivery-associate,Middle-Mile (Overnight) Driver Associates - Puleri Logistics Solutions LLC
https://amazon-na.fountain.com/delivery-service-partner/apply/dmd6-gsdy-mobile-food-service-professional-kona-ice,Mobile Food Service Professional - Kona Ice
https://amazon-na.fountain.com/delivery-service-partner/apply/next-level-delivery-services-solutions,Next Level Delivery Solutions
https://amazon-na.fountain.com/delivery-service-partner/apply/delivery-driver-helper-b79ace5f-0d60-40e4-a858-ed720487db91,ðŸ’ª Now Hiring Delivery Driver Helpers
https://amazon-na.fountain.com/delivery-service-partner/apply/nyc-based-delivery-associate-walker-jnj-delivery-llc,NYC based Delivery Associate/ Walker - JNJ Delivery LLC
https://amazon-na.fountain.com/delivery-service-partner/apply/oceanside-courier-corp-fedex-alternative-vehicle-program,Oceanside Courier Corp - Fedex Alternative Vehicle Program
https://amazon-na.fountain.com/delivery-service-partner/apply/otst-delivery-driver-helper,OTST - Delivery Driver Helper
https://amazon-na.fountain.com/delivery-service-partner/apply/cle5-clvl-mmr-delivery-driver,Overnight - 26' Box Truck - Amazon DSP Delivery Driver
https://amazon-na.fountain.com/delivery-service-partner/apply/package-delivery-driver-180-200-day-weekly-pay-benefits,Package Delivery Driver $180 - $200/Day + Weekly Pay & Benefits
https://amazon-na.fountain.com/delivery-service-partner/apply/package-delivery-driver-20-25-hour-salina-ks,"Package Delivery Driver $20.25/Hour - Salina, KS"
https://amazon-na.fountain.com/delivery-service-partner/apply/package-delivery-driver-24-50-hour-broomfield-co,"Package Delivery Driver $24.50/Hour - Broomfield, CO"
https://amazon-na.fountain.com/delivery-service-partner/apply/delivery-associate-tailwind-delivery-llc,Package Delivery Driver- Amazon DSP- Tailwind Delivery LLC
https://amazon-na.fountain.com/delivery-service-partner/apply/newport-ky-delivery-driver,Package Delivery Driver- Northern Kentucky - Amazon DSP
https://amazon-na.fountain.com/delivery-service-partner/apply/delivery-associate-sparkle-logistics-llc,"Package Delivery Driver - Sparkle Logistics, LLC - Amazon"
https://amazon-na.fountain.com/delivery-service-partner/apply/amazon-delivery-helper-jb3-delivery-llc,Package Delivery Helper - JB3 DELIVERY LLC
https://amazon-na.fountain.com/delivery-service-partner/apply/part-time-delivery-associate-deliver-amazon-packages-in-and-around-sioux-falls,Part-Time Delivery Associate: Deliver Amazon packages in and around Sioux Falls
https://amazon-na.fountain.com/delivery-service-partner/apply/part-time-route-driver,Part-Time Route Driver: 200-300 miles per day
https://amazon-na.fountain.com/delivery-service-partner/apply/pittsburgh-south-corridor-sub-region-3-delivery-associate-27-34-full-time-part-time,PITTSBURGH SOUTH CORRIDOR SUB REGION 3 - DELIVERY ASSOCIATE- $27-$34  FULL TIME & PART TIME
https://amazon-na.fountain.com/delivery-service-partner/apply/qargo-coffee-bolingbrook-169-barista-store,Qargo Coffee Bolingbrook M169 - Barista
https://amazon-na.fountain.com/delivery-service-partner/apply/qargo-coffee-bolingbrook-215-barista-cashier,Qargo Coffee Bolingbrook M215 - Barista
https://amazon-na.fountain.com/delivery-service-partner/apply/qargo-coffee-canton-barista-cashier,Qargo Coffee Canton - Barista/Cashier
https://amazon-na.fountain.com/delivery-service-partner/apply/qargo-coffee-grand-prairie-tx-qargo-coffee-barista-cashier,"Qargo Coffee- Grand Prairie, TX - Qargo Coffee - Barista/Cashier"
https://amazon-na.fountain.com/delivery-service-partner/apply/international-plaza-tampa-barista-qargo-coffee,Qargo Coffee International Plaza Tampa - Barista
https://amazon-na.fountain.com/delivery-service-partner/apply/long-beach-barista,Qargo Coffee Long Beach - Barista
https://amazon-na.fountain.com/delivery-service-partner/apply/orland-park-barista-orland-park,Qargo Coffee Orland Park - Barista
https://amazon-na.fountain.com/delivery-service-partner/apply/qargo-coffee-barista-store-m182,Qargo Coffee St. Charles M182 - Barista
https://amazon-na.fountain.com/delivery-service-partner/apply/quest-lcsp-delivery-associate,Quest - LCSP DELIVERY ASSOCIATE
https://amazon-na.fountain.com/delivery-service-partner/apply/wtx7-rilz-delivery-associate,"Ridgely Logistics - Delivery Associate - Amarillo, TX"
https://amazon-na.fountain.com/delivery-service-partner/apply/salary-position,Salary Position
https://amazon-na.fountain.com/delivery-service-partner/apply/savannah-ga-amazon-dsp-delivery-driver-10-hour-efficiency-pay,"Savannah, GA - Amazon DSP Delivery Driver - 10 hour efficiency pay"
https://amazon-na.fountain.com/delivery-service-partner/apply/seaford-de-delivery-driver-kiss-transport-delivering-for-amazon-dsp,Seaford DE - KISS Transport - Delivery Driver for Amazon DSP - Full Time
https://amazon-na.fountain.com/delivery-service-partner/apply/mcq6-delivery-associate-seasonal,Seasonal Amazon Delivery Driver (McQueen)
https://amazon-na.fountain.com/delivery-service-partner/apply/dtu3-chandler-az-delivery-associate-mcq6-logistix-llc,Seasonal Amazon Delivery Driver (Nevada St)
https://amazon-na.fountain.com/delivery-service-partner/apply/seasonal-delivery-associate-dyr3-westhampton,Seasonal Delivery Associate - DYR3 Westhampton
https://amazon-na.fountain.com/delivery-service-partner/apply/seasonal-delivery-driver-delco-deadline-deliveries-llc,"Seasonal Delivery Driver - Delco Deadline Deliveries, LLC"
https://amazon-na.fountain.com/delivery-service-partner/apply/season-delivery-driver-dyr7-holbrook,Season Delivery Driver - DYR7 Holbrook
https://amazon-na.fountain.com/delivery-service-partner/apply/delivery-associate-last-mile-delivery-service-llc,Sewickley - Delivery Associate
https://amazon-na.fountain.com/delivery-service-partner/apply/dil7-acsw-step-van-driver,Step Van Driver
https://amazon-na.fountain.com/delivery-service-partner/apply/super,Super
https://amazon-na.fountain.com/delivery-service-partner/apply/swedesboro-dje3-logan-township-delivery-associate,Swedesboro DJE3 ( Logan Township )  - Delivery Associate
https://amazon-na.fountain.com/delivery-service-partner/apply/delivery-associate-triumph-logistics,Triumph - Delivery Driver
https://amazon-na.fountain.com/delivery-service-partner/apply/twinsburg-oh-fedex-delivery-driver,Twinsburg OH - FedEx Delivery Driver
https://amazon-na.fountain.com/delivery-service-partner/apply/venice-fl-amazon-delivery-driver-knc,Venice Fl - Amazon Delivery Driver: KnC
https://amazon-na.fountain.com/delivery-service-partner/apply/vps-delivery-delivery-driver,VPS Delivery  - DELIVERY DRIVER
https://amazon-na.fountain.com/delivery-service-partner/apply/delivery-associate-puleri-logistics-solutions-llc,Walking Courier - Puleri Logistics Solutions LLC
https://amazon-na.fountain.com/delivery-service-partner/apply/wbv1-jcjp-delivery-associate,WBV1-JCJP-Delivery Associate
https://amazon-na.fountain.com/delivery-service-partner/apply/delivery-associate-veterans-delivery-workforce-and-logistics-llc,WEE1 - Delivery Associate
https://amazon-na.fountain.com/delivery-service-partner/apply/win1-ursa-delivery-associate-ursa-logistics-llc,WIN1 - URSA - Delivery Associate - Ursa Logistics LLC
https://amazon-na.fountain.com/delivery-service-partner/apply/wky3-keew-delivery-associate-keewest-logistics-llc,WKY3 - KEEW -  Delivery Associate - Keewest Logistics LLC
https://amazon-na.fountain.com/delivery-service-partner/apply/wmn2-saint-cloud-mn-nexus-logistics-amazon-dsp-delivery-driver,"WMN2 - Saint Cloud, MN Nexus Logistics Amazon DSP - Delivery Driver"
https://amazon-na.fountain.com/delivery-service-partner/apply/wmo1-ftld-joplin-delivery-associate-faster-than-light-deliveries-llc,WMO1-FTLD Joplin - Delivery Associate - Faster Than Light Deliveries LLC
https://amazon-na.fountain.com/delivery-service-partner/apply/wmo3-wdbg-delivery-driver,WMO3 - WDBG - Delivery Driver
https://amazon-na.fountain.com/delivery-service-partner/apply/wms1-wms1-delivery-drivers-weso-w-e-s-logistics-in-person,WMS1 - Delivery Drivers - WESO - W.E.S Logistics - In-Person
https://amazon-na.fountain.com/delivery-service-partner/apply/wnc8-sicc-delivery-associate-sicc-logistx-llc,"WNC8 - SICC Delivery Associate - SICC Logistx, LLC"
https://amazon-na.fountain.com/delivery-service-partner/apply/wnc8-southern-pines-delivery-associate,WNC8 Southern Pines - Delivery Associate
https://amazon-na.fountain.com/delivery-service-partner/apply/wny1-delivery-associate-excelerated-delivery-inc,WNY1 - Delivery Associate - Excelerated Delivery Inc.
https://amazon-na.fountain.com/delivery-service-partner/apply/wpt2-amazon-delivery-driver,WPT2 - Delivery Associate - North Star Logistics And Delivery
https://amazon-na.fountain.com/delivery-service-partner/apply/amazon-delivery-driver-flexible-scheduling,WQQ 1 - 505 Logistics Onboarding
https://amazon-na.fountain.com/delivery-service-partner/apply/wqq1-hxlg-delivery-associate-hibox-logistics-19-00-hr,WQQ1 - HXLG - Delivery Associate - Hibox Logistics  - $21.50 hr
https://amazon-na.fountain.com/delivery-service-partner/apply/wsm9-small-package-delivery-driver-sedalia-mo,"WSM9 - Small Package Delivery Driver - Sedalia, MO"
https://amazon-na.fountain.com/delivery-service-partner/apply/wsp1-p3el-delivery-associate-part-time-saturday-and-sunday,WSP1 - P3EL - Delivery Associate- Part Time (Saturday and Sunday)
https://amazon-na.fountain.com/delivery-service-partner/apply/wypt-dsp-delivery-driver-weekly-pay-22-50-hr,WYPT DSP Delivery Driver Weekly Pay $22.50/hr
https://amazon-na.fountain.com/delivery-service-partner/apply/hrd2-tdbu-box-truck-xl-delivery-driver,XL Box Truck Delivery Driver
https://amazon-na.fountain.com/delivery-service-partner/apply/hrd2-tdbu-box-truck-xl-delivery-helper-tactical-distribution-management-llc,XL Box Truck Delivery Helper

https://amazon-na.fountain.com/delivery-service-partner/apply/hrd2-tdbu-cargo-van-xl-delivery-driver-tactical-distribution-management-llc,XL Cargo Van Delivery Driver
